path,bytes,sha256,review_scope
edge/packet_tracer/evidence/B1_hysteresis_console.png,2682,10250b75b7786d9895fb0fd6c5395749601d55c83db97a9bb4d50887686b9e72,historical preserved; key G3 conflict/BCD reviewed
edge/packet_tracer/evidence/B2_fan_state_topology.png,11555,20c903f6197ab2a8925e3e52eaf351fbe506cead15caef24e6560fc19c5002ab,historical preserved; key G3 conflict/BCD reviewed
edge/packet_tracer/evidence/B3_backend_off_local_autonomy.png,191371,92bdcadebd705cb8ca907cab31b739960b0281267e6d61f549b8c3ba7ef34c75,historical preserved; key G3 conflict/BCD reviewed
edge/packet_tracer/evidence/gate2/B-G2-01-realws-connected.png,67614,b0425473feb2b8940569e9955ce84f478eb7bb74ddc309a1cc2b1595c48a65e3,historical preserved; key G3 conflict/BCD reviewed
edge/packet_tracer/evidence/gate2/B-G2-02-hello-state.png,107228,eee20c322e3af368b49f6f0fbed0f5109829cefea0d2709d9b96e23288f3cfce,historical preserved; key G3 conflict/BCD reviewed
edge/packet_tracer/evidence/gate2/B-G2-03-fixed-telemetry.png,129494,e7252326b7bae629a563a285cd178a1d7cec0571ae98d0a7496b6b55c1218eb1,historical preserved; key G3 conflict/BCD reviewed
edge/packet_tracer/evidence/gate2/B-G2-04-real-temp-telemetry.png,346299,9122ea8f0a72c9d2189aa988a91f70af37ac997d79afce5d723b502a1370b66b,historical preserved; key G3 conflict/BCD reviewed
edge/packet_tracer/evidence/gate2/B-G2-05-full-edge-state-off.png,356259,b8d3c7b3b7d66c378973a2447529b025f07e26139f9e190f34538fa28708e4bb,historical preserved; key G3 conflict/BCD reviewed
edge/packet_tracer/evidence/gate2/B-G2-06-real-fan-on-status.png,184449,56335dc8030aad1e8ed438adaf3124d2c952fb13a63b0b36a7481b70ff707858,historical preserved; key G3 conflict/BCD reviewed
edge/packet_tracer/evidence/gate3/G3-B-01-policy-apply-ack-pass.png,35417,5dcaa416a9f20ea7d76091f1f3f2a41c556052a680b11d6acb5497c0f86b2711,historical preserved; key G3 conflict/BCD reviewed
edge/packet_tracer/evidence/gate3/G3-B-02-auto-low-temp-off-pass.png,41755,ca54f569925fa690595d8eac6109c6c6ebd7c7a70defe9a3e41a6acdd636d75e,historical preserved; key G3 conflict/BCD reviewed
edge/packet_tracer/evidence/gate3/G3-B-03-auto-high-temp-on-pass.png,24130,9a337237985c40ffaa6eb6595b624d6fba4f452c52b2cb6d898d238aca4b706a,historical preserved; key G3 conflict/BCD reviewed
edge/packet_tracer/evidence/gate3/G3-B-04-manual-policy-apply-pass.png,35529,726167053ca72d546f587595e8807a311efb2f7b83fa0ea6855adcb24c246b6f,historical preserved; key G3 conflict/BCD reviewed
edge/packet_tracer/evidence/gate3/G3-B-05-manual-command-off-pass.png,39528,304274cd0e6eb4d245fc39fb68a0776a3abf566d94635974bd171a341c6f18d0,historical preserved; key G3 conflict/BCD reviewed
edge/packet_tracer/evidence/gate3/G3-B-06-manual-command-on-pass.png,39970,06118283c9fb759f875d57ecefee2da80848e2ba2d8bb66debecd67a21fb286a,historical preserved; key G3 conflict/BCD reviewed
edge/packet_tracer/evidence/gate3/G3-B-07-gate2-regression-auto-pass.png,118454,007348d750c167babd86b57c240f0e59879fad3c4933d995468829c0b4496d8f,historical preserved; key G3 conflict/BCD reviewed
evidence/backend/G1-01-unittest-pass.png,88737,c2e5a22204a96f78de2067341970d058746a900cd3c3690d668b10240ce22d1b,historical preserved; key G3 conflict/BCD reviewed
evidence/backend/G1-02-uvicorn-ws-accepted.png,42265,2a684f2e455aa901559f17ac25b6be3bc7730a813c3101dc5350ea9ca2700aee,historical preserved; key G3 conflict/BCD reviewed
evidence/backend/G1-03-fake-edge-connected.png,30863,52496497c0b15c41d7962cb979086bd7836f8b4aad7ed90128f2ebedab76672e,historical preserved; key G3 conflict/BCD reviewed
evidence/backend/G1-04-healthz-pass.png,11130,65e811d30ad1d3428477316ac9822ac5d876301cf6ce8a9cc5ceaaef510962b3,historical preserved; key G3 conflict/BCD reviewed
evidence/backend/G1-05-api-state-telemetry-pass.png,119516,7cbe36d493ad77173ab3ac5e4872a2335b1a9d60115e1c56e0bebf9531acc38b,historical preserved; key G3 conflict/BCD reviewed
evidence/backend/G1-06-api-state-temperature-changed-pass.png,162509,7cb2eaee8eda4272c5f2875285897d0027f61384c79dad1ed3e2c5d1f3742bba,historical preserved; key G3 conflict/BCD reviewed
evidence/backend/G1-07-fan-auto-on-off-pass.png,158543,65c45b0f27f87ce8ce448bdd2135c6b44be85a6af460a0226232d493939320f3,historical preserved; key G3 conflict/BCD reviewed
evidence/backend/G2-C-01-healthz-edge-online-pass.png,9590,b8c0cd5c9e8c26ea2519688a1050dfd8a0307d6df995ae1d26ac7abd6fdab1b3,historical preserved; key G3 conflict/BCD reviewed
evidence/backend/G2-C-02-api-state-real-pt-temp-pass.png,87639,2267a89c9425dda88a7f05755b7517a575f30be1653d14874878f82ef0f97256,historical preserved; key G3 conflict/BCD reviewed
evidence/backend/G2-C-03-pt-environment-32-pass.png,36179,d1f7a1841e3cb52dc92ab1fb8ef226b110272d3c0d1c3578cebd70da79319ad3,historical preserved; key G3 conflict/BCD reviewed
evidence/backend/G2-C-04-sbc-tx-telemetry-pass.png,38380,eece27a03bf2edbe418f711ffc83a65982473e4ddee053dc77e514d68c270bab,historical preserved; key G3 conflict/BCD reviewed
evidence/backend/G3-C-01-healthz-edge-online-pass.png,12368,d76576a27ab5a4f6c48408c93190dd41a6c6981def8c5870d9358f16d228e7cf,historical preserved; key G3 conflict/BCD reviewed
evidence/backend/G3-C-02-dashboard-policy-33-pass.jpg,60854,4eef70691cd75a3e2c5a1d8f90c396d716cdeaffb258e47ae0216406debb0e3b,historical preserved; key G3 conflict/BCD reviewed
evidence/backend/G3-C-03-api-state-policy-v3-33-pass.png,47397,982b766a33094b7b5d0319f02cb1f6a426b90de2216246c2bf83900f3ad7f972,historical preserved; key G3 conflict/BCD reviewed
evidence/backend/G3-C-04-command-fan-on-remote-manual-pass.png,203624,ca83c3cc5f6d450fcbb31c57827c0ab7cb18c3d0510bfa2b013005a7c63bfd28,historical preserved; key G3 conflict/BCD reviewed
evidence/backend/gate4/G4-C-01-edge-disconnect-offline-pass.png,2259399,2fe73d8a6da9e20cca581aef72aa23a0f5fd46b3fba2df9111d65c95ebaba57a,gate4 individually reviewed
evidence/backend/gate4/G4-C-02-state-sync-event-pass.png,43732,58fa74feda42406dee02e96216008a1494ff0f47e6128aa27bdfaedf3e3f76f0,gate4 individually reviewed
evidence/backend/gate4/G4-C-03-invalid-message-reject-pass.png,147762,94c866347e50d236de4d3d5e5e827f46c54711478c2f4786fd28588a9bb3e426,gate4 individually reviewed
evidence/backend/gate4/G4-C-04-invalid-summary-restored-state-pass.png,94546,fc85b6ff8b0a089579ad6257d46775c9fc27a3d05c05db08d13b3e332913cd0e,gate4 individually reviewed
evidence/backend/gate4/G4-C-05-reconnect-state-sync-restored-pass.png,122159,58f3d558fde4d0d1b6299d5572f3d860f3f7dd96ead95e8c2a5d90b130842e6c,gate4 individually reviewed
evidence/dashboard/gate1/G1-D-01-dashboard-normal-pass.png,948607,40b09432dcc2574f9b887ffbabf2611d3d7828b58b20abe92fd8d0815b1fecc6,historical preserved; key G3 conflict/BCD reviewed
evidence/dashboard/gate1/G1-D-02-dashboard-warning-pass.png,956926,f4cd720f6829b1c9e280a4ac669c88c80be7604ac842314ba7b5ff31f17c2571,historical preserved; key G3 conflict/BCD reviewed
evidence/dashboard/gate1/G1-D-03-edge-offline-pass.png,945838,78c9840a97636908b7cba49475174a2f4490d7cc3a511312afdda1e3f86c05e3,historical preserved; key G3 conflict/BCD reviewed
evidence/dashboard/gate1/G1-D-04-reconnect-state-sync-pass.png,937519,7097044f104406e1526058415d510e8e693267016803f3bd1733a0a5059ff797,historical preserved; key G3 conflict/BCD reviewed
evidence/dashboard/gate2/G2-D-01-dashboard-normal-real-pt-pass.png,1116649,b3d0808bb5ad9c2c18e6eacfe7bf863ffe9013388f3141dd6e702928e2cc4304,historical preserved; key G3 conflict/BCD reviewed
evidence/dashboard/gate2/G2-D-02-dashboard-warning-fan-on-real-pt-pass.png,1203037,2946cab5031c09d648bc667569619ef5ac9bcb5dbb4d529319aa5f65cabedd5d,historical preserved; key G3 conflict/BCD reviewed
evidence/dashboard/gate4/G4-D-01-control-plane-disconnected-pass.png,2191603,15cc1475f1ab92448267344d17d69cb4e9a5c7fdcbba52077f6dc24230454d72,gate4 individually reviewed
evidence/edge/gate4/G4-B-01-last-policy-before-outage-pass.png,45413,cee6df9e9a43faa2a4b111e3a8ac9e5150445414c2524ec476a51a0942daa29e,gate4 individually reviewed
evidence/edge/gate4/G4-B-02-backend-down-local-auto-on-pass.png,44787,0f62468f31dde969e6150c36f12ca04f2e383dfa58df23f25e079540e35b977a,gate4 individually reviewed
evidence/edge/gate4/G4-B-03-auto-reconnect-state-sync-pass.png,29974,15d9777f8fcf6d755c6e36feb799436f38f2a3f651ffe4f7c6a5187fd52aaeff,gate4 individually reviewed
evidence/gate3_bcd/G3-INT-01-real-edge-online-pass.png,2634935,66eb243e584fb3a7b910553b404fd707f81cf8a997152981a83f24197a4fbf55,historical preserved; key G3 conflict/BCD reviewed
evidence/gate3_bcd/G3-INT-02-policy-e2e-pass.png,53266,efb1393d4b90f4399d690bf5dc67fd850a610eea1255e137cb2f159809fd8a39,historical preserved; key G3 conflict/BCD reviewed
evidence/gate3_bcd/G3-INT-03-command-e2e-pass.png,60070,a185fb730472accd7444457af8a49eaf9858aca6f988216acbb2100523de800d,historical preserved; key G3 conflict/BCD reviewed
evidence/gate3_bcd/G3-INT-04-final-backend-state-pass.png,58758,fc2b9557c5bbfab73b8c9b6bdac5ebdbca76b80a1c6f7585fa488dadca7cf488,historical preserved; key G3 conflict/BCD reviewed
evidence/network/G1-00-topology-overview.png,77318,ed1bf3a89ead76c7453330e5d665f4d7336537b12d996bb6bedb1d09a5728143,historical preserved; key G3 conflict/BCD reviewed
evidence/network/G1-00b-pt-version.png,454243,57496bb91e028517916bd59011c19141ad439eef30afefee8722ad2468991249,historical preserved; key G3 conflict/BCD reviewed
evidence/network/G1-01-swaccess-vlan-brief-pass.png,117836,b2236d6dccbcb25d9bef9771187f230012cf9fb35347a34c5c0a6e7708362894,historical preserved; key G3 conflict/BCD reviewed
evidence/network/G1-02-swcore-vlan-brief-pass.png,113842,e9e828e346d00de87607b3b0515f213e0aa19a0746a67dad40c56dd1c68a366a,historical preserved; key G3 conflict/BCD reviewed
evidence/network/G1-03-swaccess-access-ports-pass.png,135244,bf23b065cfa139bc1a2f1ff6504cda973b8a0302613871d8feaa334d6b1acb9c,historical preserved; key G3 conflict/BCD reviewed
evidence/network/G1-04-swcore-trunk-etherchannel-pass.png,80417,562455cfec9a4e7b2ae3270a9ca098f3a34903b4686e954c785536d8c0ef610b,historical preserved; key G3 conflict/BCD reviewed
evidence/network/G1-05-swaccess-trunk-etherchannel-pass.png,86591,9ae3aed7f5a5eda55f2fea3e89e7d766ce3eadb28ff4b1c7c03aeb589fcedb31,historical preserved; key G3 conflict/BCD reviewed
evidence/network/G1-06-swcore-svi-routing-pass.png,237543,d4967a1fd42888ca2703f077ee55a9bb318773afc77dc6e0d6a72fa176c729ea,historical preserved; key G3 conflict/BCD reviewed
evidence/network/G1-07-dhcp-pass.png,131731,9faaae39aaee25bcbdf7250a2b6f36175d1024dec0ae284d72e0015da35e2356,historical preserved; key G3 conflict/BCD reviewed
evidence/network/G1-08-swcore-acl-config.png,21039,736cb45a803762a2516df39637fcdd3989523edeb976364f8f6cdc3283e36d36,historical preserved; key G3 conflict/BCD reviewed
evidence/network/G1-09-n1-crossvlan-ping-pass.png,82787,6e65611205ec46dee5e5894d8ba0436a69cc25815be845e9b63d93945890a40b,historical preserved; key G3 conflict/BCD reviewed
evidence/network/G1-10-n2-office-to-iot-deny.png,36649,67589df83e4ec9224031c200f25aef3e43a650c832467cc484b537fa44c89c58,historical preserved; key G3 conflict/BCD reviewed
evidence/network/G1-11-n3-mgmt-access-pass.png,65750,1da370e4cdfa7ee4ce4e49baec9ded6b53887b82a5644d2b5b77a2f66715f99a,historical preserved; key G3 conflict/BCD reviewed
evidence/network/G2-A-01-topology-check-pass.png,86664,1023cae595b5eab76e341a25ce783c49d11421c9a835034da266c4afe7f2f4ff,historical preserved; key G3 conflict/BCD reviewed
evidence/network/G2-A-01b-cdp-neighbors-pass.png,84674,49122c63a0305f05b9725295bbd6a6a4e3c7be2be27d2a5bfd62cd90ca9a8916,historical preserved; key G3 conflict/BCD reviewed
evidence/network/G2-A-01c-cdp-routers-pass.png,106535,2d3cb5d789d5e3295b398165c17021a247c7ad12c84171f4d2302b9341a36342,historical preserved; key G3 conflict/BCD reviewed
evidence/network/G2-A-01d-host-links-pass.png,166228,e81dcaf84f249128efe3516b138a4394972aae84fa65f0409a3edbc641afe8b3,historical preserved; key G3 conflict/BCD reviewed
evidence/network/G2-A-02-branch-vlan-trunk-pass.png,192452,7afbdd6ae57d87505b9ba78daf346f8772ece5c914daabba4b676cd331a32b26,historical preserved; key G3 conflict/BCD reviewed
evidence/network/G2-A-03-branch-roas-pass.png,128887,0a49d86ee6ec0f680101ee611258075b07db9a3df967a99e987d694b2eb0cf71,historical preserved; key G3 conflict/BCD reviewed
evidence/network/G2-A-04-branch-dhcp-ping-pass.png,657241,d37b0f5376f2f49d46b61adfb20df8fc9add165bf11a9e6aa023e1ed4f34990d,historical preserved; key G3 conflict/BCD reviewed
evidence/network/G2-A-05-wan-swcore-underlay-pass.png,158534,c707135af3021e3ba929958516a2ce68bfb8e4c15af6ba84e22206b0f4d5025f,historical preserved; key G3 conflict/BCD reviewed
evidence/network/G2-A-05b-wan-rhq-underlay-pass.png,82878,d695ae512b2ce759ad60108be83dc797d95886ee83794d557dd0e6560089fe70,historical preserved; key G3 conflict/BCD reviewed
evidence/network/G2-A-05c-wan-risp-underlay-pass.png,22275,7636b8bf617ac712d1813a621e02749519ac379f796a648f17e8ed0e00dd03c2,historical preserved; key G3 conflict/BCD reviewed
evidence/network/G2-A-05d-wan-rbranch-underlay-pass.png,30379,685c3f8d608b2909c47d80f1ac27f4c0b7fecd26b62dd8ba06da1b4c4219b605,historical preserved; key G3 conflict/BCD reviewed
evidence/network/G2-A-05e-internet-server-underlay-pass.png,74620,16bc15c30c5d52864c99acf348e1c340caa78f43f289dee607c1cdb5aa7024ff,historical preserved; key G3 conflict/BCD reviewed
evidence/network/G2-A-06-wan-transit-ping-pass.png,72607,e8a65c01945db33b696c0298c22a97d86fd1f2b2f8e3223aa9ae054a059d2543,historical preserved; key G3 conflict/BCD reviewed
evidence/network/G2-A-06b-wan-hq-isp-ping-pass.png,22105,57ca59f695bc6a92fe5d033873f6907ef7a40216c8f6335d1f5a6c1fbf7e18d3,historical preserved; key G3 conflict/BCD reviewed
evidence/network/G2-A-06c-wan-isp-branch-ping-pass.png,21496,849f5da05a12ea25a2355b0a2f0ccf1bf82b3ef1575ebfa0f199eb8ecea21afc,historical preserved; key G3 conflict/BCD reviewed
evidence/network/G2-A-06d-wan-branch-reverse-ping-pass.png,23944,ffaa67b2fbe2fee6b43bd87e25049b3fdf081bc5015ccc3abf4115a1019d0b4c,historical preserved; key G3 conflict/BCD reviewed
evidence/network/G2-A-07-hq-regression-swcore-pass.png,117210,52973e94297ea52e8ac47f1ade0d71ad1713f4e2500a71149b8035325d798fcc,historical preserved; key G3 conflict/BCD reviewed
evidence/network/G2-A-07b-hq-regression-swcore-acl-pass.png,217370,9bed2f614dd496cfe266a359ad02e7c523a840e8ab084d4acbd9da3f8a9b6a1f,historical preserved; key G3 conflict/BCD reviewed
evidence/network/G2-A-07c-hq-regression-swaccess-pass.png,109581,1c38a47c022cac11f47bde5c713e77b2da960f934f8c3117cf2d48ed799c901f,historical preserved; key G3 conflict/BCD reviewed
evidence/network/G2-A-07d-hq-regression-swaccess-ios-pass.png,150658,4d2f2bd86b437d5f4be3bc3c3a3d275dca6e87a4d2f50626a2b96d67025b9e9f,historical preserved; key G3 conflict/BCD reviewed
evidence/network/G2-A-07e-hq-behavior-office-pass.png,88341,451b5f9fa02a5efb6720275a10dc52d10233de94be90dde6939e6aff6b92a8ec,historical preserved; key G3 conflict/BCD reviewed
evidence/network/G2-A-07f-hq-behavior-admin-pass.png,52621,fb79a2f69d32622c389c41f8bbbb0a200ab30833fdf98484f80e7bc2e6428ea1,historical preserved; key G3 conflict/BCD reviewed
evidence/network/G3-A-01-ospf-swcore-neighbor-regression-pass.png,153731,520dd2f377b50d0ad6f0c295cd8e5e427d1117ad131dc1fe5e431e1f2278d1ab,historical preserved; key G3 conflict/BCD reviewed
evidence/network/G3-A-01b-ospf-rhq-neighbor-routes-pass.png,93742,e398aa84211e099dfb4b3e24a6e9e5d4fc1a03bee9aa0bfe88b17c56cd6fb650,historical preserved; key G3 conflict/BCD reviewed
evidence/network/G3-A-01c-hq-behavior-regression-pass.png,149183,a56d1092d54fe6df1cee9e4964c96f482caace7388dbb9e6c5fb6fd06add7d4d,historical preserved; key G3 conflict/BCD reviewed
evidence/network/G3-A-02-bgp-neighbors-pass.png,210944,fc3fc882472cd12608fd51ced1b75191b166649ce0b8968fff415df679d676ab,historical preserved; key G3 conflict/BCD reviewed
evidence/network/G3-A-02b-bgp-routes-ospf-default-pass.png,159341,f4ad984f99c7531b28d43d8edcf7aff7c85df27876a74fbc0b46c2299eb7fd87,historical preserved; key G3 conflict/BCD reviewed
evidence/network/G3-A-02c-branch-to-hq-service-pass.png,64534,f8bb8fbb14b8a0ef3e7bbbcfc492ac47607f5fb716b2f8d7675904ffa2317fa3,historical preserved; key G3 conflict/BCD reviewed
evidence/network/G3-A-02d-hq-regression-swcore-pass.png,168542,01ffa1d9b0187ab99fc51bb3278aedbd1b53e2a2e007ca07e731bf7328333703,historical preserved; key G3 conflict/BCD reviewed
evidence/network/G3-A-02e-hq-behavior-regression-pass.png,142839,8ef471e47a7cbb51b055dbc7e55fae2361151888e81c6def005b87ab16542f74,historical preserved; key G3 conflict/BCD reviewed
evidence/network/G3-A-03-wan-in-acl-pass.png,170412,cacbbad6cd8ef8504eb8a812dd20d7830426a212c5068ae396cd7de82da3005a,historical preserved; key G3 conflict/BCD reviewed
evidence/network/G3-A-03b-br-office-ping-pass.png,123396,98f523970ef4791be07cf2c12bf6b41205fa01d28b6099cbaf26941968e7e894,historical preserved; key G3 conflict/BCD reviewed
evidence/network/G3-A-03c-br-office-http-pass.png,90145,b4f4682b0c09b9fe83f55426bd4f5d5683f7dfe23f16ce3bc2b1028d3206d4a4,historical preserved; key G3 conflict/BCD reviewed
evidence/network/G3-A-03d-br-admin-ping-pass.png,88070,8c2a6dd773ee952e66858af175074c8dc7f126badd712f2859f311cd93205e52,historical preserved; key G3 conflict/BCD reviewed
evidence/network/G3-A-03e-hq-regression-pass.png,190053,11daf55800debaa49b00f4b06be324d07ceda1885ac60bc1b981185da07c627d,historical preserved; key G3 conflict/BCD reviewed
evidence/network/G3-A-04-pat-config-pass.png,16565,a60f854ba78b38bb90d5b1d0d72b53d703ec3e7f8b23be6f50b755e74baba0a3,historical preserved; key G3 conflict/BCD reviewed
evidence/network/G3-A-04b-office-internet-pat-pass.png,73897,23ab56b99b8371574c0c38c0b9b853e25645286a187f6be7c8914f403819c24d,historical preserved; key G3 conflict/BCD reviewed
evidence/network/G3-A-04c-office-dns-http-pass.png,89157,f337863025006a7034151c2b8c16df1747a5126dd744903002921b61bb6963b6,historical preserved; key G3 conflict/BCD reviewed
evidence/network/G3-A-04d-static-tcp80-map-pass.png,85963,a50b2378ed3d991f4deb137cdb4d548faaeb1da44608df90007900a6449b3dbc,historical preserved; key G3 conflict/BCD reviewed
evidence/network/G3-A-04d2-nat-translations-session-pass.png,21437,b0e4af3f4d98f8c2954424252c667f4a6568b47c4b970eefd6102ee814f4faf2,historical preserved; key G3 conflict/BCD reviewed
evidence/network/G3-A-04e-hq-regression-swcore-pass.png,154758,f0036650cb1da1ab176edb57b8a793e77fc47496a2d7aa9d0a11b03851038fd6,historical preserved; key G3 conflict/BCD reviewed
evidence/network/G3-A-04f-hq-behavior-regression-pass.png,137439,2bad1d769a620d9a377def26c041f11453287cce156b7ec68526143bcb580247,historical preserved; key G3 conflict/BCD reviewed
evidence/network/G3-A-05-admin-to-branch-mgmt-pass.png,88611,336883bdd388351e10c134da4380aa26508d78503fea044f5c1c726f4b10d912,historical preserved; key G3 conflict/BCD reviewed
